# Generated from verified DayZ mission event data; do not edit by hand.
# event,x,z
VehicleCivilianSedan,14861.9,11965.6
VehicleCivilianSedan,5931.04,1188.45
VehicleCivilianSedan,9052.63,13625
VehicleCivilianSedan,3649.44,418.539
VehicleCivilianSedan,13066.6,468.417
VehicleCivilianSedan,6253.56,2176.75
VehicleCivilianSedan,5513.54,2947.48
VehicleCivilianSedan,6890.48,3688.84
VehicleCivilianSedan,5609.46,14409.8
VehicleCivilianSedan,1018.96,10796.8
VehicleCivilianSedan,11663.8,4187.6
VehicleCivilianSedan,14907.3,11071.6
VehicleCivilianSedan,2036.11,2212.14
VehicleCivilianSedan,12884.4,11089.4
VehicleCivilianSedan,12607.7,11010.8
VehicleCivilianSedan,158.11,7931.42
VehicleCivilianSedan,4782.08,533.366
VehicleCivilianSedan,6521.78,10955.2
VehicleCivilianSedan,6112.77,1653.56
VehicleCivilianSedan,4063.92,13782.8
VehicleCivilianSedan,4914.35,523.397
VehicleCivilianSedan,4545.8,3492.43
VehicleCivilianSedan,12385.1,9612.13
VehicleCivilianSedan,12768.7,10854.1
VehicleCivilianSedan,9060.4,3477.52
VehicleCivilianSedan,10854.6,5803.77
VehicleCivilianSedan,13625,8211.53
VehicleCivilianSedan,6858.47,1569.45
VehicleCivilianSedan,6064.31,4761.85
VehicleHatchback02,4718.29,6765.84
VehicleHatchback02,7375.29,12013.1
VehicleHatchback02,5759.73,1408.17
VehicleHatchback02,9444.1,9659.3
VehicleHatchback02,6790.21,1484.28
VehicleHatchback02,5582.56,786.235
VehicleHatchback02,7658.65,7386.35
VehicleHatchback02,2867.52,6171.3
VehicleHatchback02,12113,6509.71
VehicleHatchback02,4718.88,6628.02
VehicleHatchback02,1542.41,10418.7
VehicleHatchback02,6270.74,15011.9
VehicleHatchback02,1769.6,4526.67
VehicleHatchback02,6777.81,13807.2
VehicleHatchback02,10063.9,10635.2
VehicleHatchback02,11951.4,3240.7
VehicleHatchback02,6132.98,2361.52
VehicleHatchback02,6132.58,1504.15
VehicleHatchback02,11018.6,12747.1
VehicleHatchback02,10088.5,13192
VehicleHatchback02,586.702,3015.71
VehicleHatchback02,5540.55,2868.51
VehicleHatchback02,11616.9,4045.89
VehicleHatchback02,13084.4,11089.4
VehicleHatchback02,6721.84,1413.25
VehicleHatchback02,4204.24,11422.6
VehicleHatchback02,4970.36,8479.95
VehicleHatchback02,5039.45,10291.2
VehicleHatchback02,5795.82,1875.15
VehicleHatchback02,5694.57,1905.69
VehicleHatchback02,5427.7,2553.14
VehicleHatchback02,4168.85,13663.4
VehicleHatchback02,4420.97,11276.2
VehicleHatchback02,1879.52,11406
VehicleOffroad02,501.784,15172.2
VehicleOffroad02,2195.38,12102.3
VehicleOffroad02,13855.9,3765.74
VehicleOffroad02,8102.35,9793.17
VehicleOffroad02,2745.59,8784.37
VehicleOffroad02,4885.19,4663.17
VehicleOffroad02,1910.79,11579
VehicleOffroad02,11952,14897
VehicleOffroad02,11670.8,15043.8
VehicleOffroad02,12334.1,15008.9
VehicleOffroad02,11148.9,7199.04
VehicleOffroad02,893.259,8971.86
VehicleOffroad02,2147.39,11927.8
VehicleOffroad02,3424.25,7708.13
VehicleOffroadHatchback,11047.7,12765.6
VehicleOffroadHatchback,3583.8,12518.4
VehicleOffroadHatchback,6196.61,5699.98
VehicleOffroadHatchback,12776,13353.8
VehicleOffroadHatchback,8243.92,13795
VehicleOffroadHatchback,4283.81,3178.37
VehicleOffroadHatchback,13084,12318.8
VehicleOffroadHatchback,12645.6,6466.25
VehicleOffroadHatchback,11017.3,4366.49
VehicleOffroadHatchback,4684.52,7234.88
VehicleOffroadHatchback,5964.32,847.691
VehicleOffroadHatchback,6266.13,1447.32
VehicleOffroadHatchback,12178,12189.6
VehicleOffroadHatchback,5619.53,3005.15
VehicleOffroadHatchback,1664.17,7756.3
VehicleOffroadHatchback,7359.29,11976.8
VehicleOffroadHatchback,2798.21,5845.97
VehicleOffroadHatchback,3943.53,13969.8
VehicleOffroadHatchback,1177.8,10685.7
VehicleOffroadHatchback,11340.5,7539.4
VehicleOffroadHatchback,14019.4,6809.15
VehicleOffroadHatchback,7249.86,13832.4
VehicleOffroadHatchback,8706.49,3164.38
VehicleOffroadHatchback,5676.33,9380.82
VehicleOffroadHatchback,5793.3,2433.18
VehicleOffroadHatchback,6607.27,1707.05
VehicleOffroadHatchback,6416.08,13791.2
VehicleOffroadHatchback,5652.69,2693.81
VehicleOffroadHatchback,1139.24,4063.46
VehicleOffroadHatchback,4742.79,6551.14
VehicleOffroadHatchback,2259.5,5041.32
VehicleOffroadHatchback,4053.92,13782.8
VehicleSedan02,6004.17,5637.9
VehicleSedan02,1833.99,8940.71
VehicleSedan02,6030.89,11428.1
VehicleSedan02,6274.39,1873.43
VehicleSedan02,5988.47,1681.33
VehicleSedan02,13081.5,12590.7
VehicleSedan02,896.749,13258.3
VehicleSedan02,5679.55,2352.15
VehicleSedan02,2422.62,14674
VehicleSedan02,13569.7,12613.4
VehicleSedan02,11012.3,12707.6
VehicleSedan02,5432.33,2650.29
VehicleSedan02,8321.33,9980.64
VehicleSedan02,8809.78,2814.29
VehicleSedan02,2285.76,5059.54
VehicleSedan02,6281.24,6162.32
VehicleSedan02,8355.12,9973.1
VehicleSedan02,9979.62,1628.72
VehicleSedan02,10125.6,1639.84
VehicleSedan02,8888.07,6307.81
VehicleSedan02,9345.88,6771.01
VehicleSedan02,12200.6,7125.07
VehicleSedan02,11751.3,14793.7
VehicleSedan02,3220.56,6351.98
VehicleSedan02,738.3,13046.5
VehicleSedan02,8975.41,12356.9
VehicleSedan02,949.976,12857.6
VehicleSedan02,37.1083,11587.5
VehicleSedan02,827.129,8933.02
VehicleSedan02,557.921,11705.1
VehicleSedan02,7505.1,7701.74
VehicleTruck01,1071.95,236.856
VehicleTruck01,2009.31,2505.89
VehicleTruck01,871.007,2959.97
VehicleTruck01,1255.44,3829.43
VehicleTruck01,3971.99,3485.27
VehicleTruck01,4393.63,3184.66
VehicleTruck01,5300.52,2740.47
VehicleTruck01,5566.52,2115.67
VehicleTruck01,7109.68,1914.62
VehicleTruck01,7420.3,2106.42
VehicleTruck01,8731.72,1653.25
VehicleTruck01,12950.6,684.567
VehicleTruck01,15047.4,2886.14
VehicleTruck01,14704.8,6526.9
VehicleTruck01,14997.4,10417.2
VehicleTruck01,14472.5,12586
VehicleTruck01,14611.1,14407.4
VehicleTruck01,11889.9,14875.7
VehicleTruck01,10873.6,12573.4
VehicleTruck01,12008.5,6425.33
VehicleTruck01,8965.48,13132
VehicleTruck01,10053.1,13111.4
VehicleTruck01,5660.14,14617
VehicleTruck01,3943.22,13759.8
VehicleTruck01,4427.63,12977.1
VehicleTruck01,1608.42,15068.7
VehicleTruck01,332.345,14365.5
VehicleTruck01,822.372,13531.8
VehicleTruck01,6340.44,15028
VehicleTruck01,1554.64,10539.6
VehicleTruck01,1597.79,8044.72
VehicleTruck01,111.61,7945.96
VehicleTruck01,3179.16,5952.58
VehicleTruck01,3180.8,5067.02
VehicleTruck01,9500.05,5932.34
VehicleTruck01,11817.8,10530
VehicleTruck01,11718,4628.72
VehicleTruck01,3998.81,1131.71
VehicleTruck01,6489.02,11007.3
VehicleTruck01,7719.99,7213.5
VehicleTruck01,8796.77,6158.94
VehicleTruck01,8266.69,12618.8
VehicleTruck01,7312.13,13783.2
VehicleTruck01,5837.85,9178.52
VehicleTruck01,5633.03,10917.4
VehicleTruck01,6331.85,13895.2
VehicleTruck01,2877.35,15297.7
VehicleTruck01,2627.62,11389.8
VehicleTruck01,5874.02,4987.74
VehicleTruck01,1818.57,9718.76
VehicleTruck01,10186,8757.4
VehicleTruck01,11107.7,3705.55
VehicleBoat,12538.2,10920.3
VehicleBoat,12527.5,10882.8
VehicleBoat,12400.6,9689.07
VehicleBoat,12129.1,7177.16
VehicleBoat,11821.3,6189.41
VehicleBoat,11849.1,5367.49
VehicleBoat,11855.6,4574.46
VehicleBoat,11840.5,4367.72
VehicleBoat,11710.2,3846.63
VehicleBoat,11580.8,3505.19
VehicleBoat,10508.7,3323.45
VehicleBoat,9173.87,3181.39
VehicleBoat,8725.57,2991.2
VehicleBoat,8491.01,2827.25
VehicleBoat,7552.08,2592.9
VehicleBoat,6855.68,1830.52
VehicleBoat,6289.04,1350.05
VehicleBoat,6142.2,1291.17
VehicleBoat,5424.35,1235.81
VehicleBoat,4949.66,1308.76
VehicleBoat,4577.95,423.936
VehicleBoat,4593.42,274.935
VehicleBoat,1011.89,605.314
VehicleBoat,770.034,785.939
VehicleBoat,1091.34,745.128
VehicleBoat,2141.12,1881.86
VehicleBoat,549.877,2766.22
VehicleBoat,3064.85,7708.57
VehicleBoat,4329.95,13075.5
VehicleBoat,4300.2,11484.1
VehicleBoat,4587.74,11026.6
VehicleBoat,4561.37,10797.2
VehicleBoat,4594.09,9872.2
VehicleBoat,4668.07,9100.14
VehicleBoat,4421.79,7281.57
VehicleBoat,4392.18,5726.22
VehicleBoat,4663.9,3923.55
VehicleBoat,5150.21,2880.98
VehicleBoat,5331.84,2542.69
VehicleBoat,5494.88,2342.37
VehicleBoat,6871.58,3761.13
VehicleBoat,6962.94,4339.14
VehicleBoat,7148.43,4879.64
VehicleBoat,6931.84,4689.68
VehicleBoat,6725.57,3696.94
VehicleBoat,9751.51,10368.2
VehicleBoat,9835.81,10465.8
